河口亜矢子,r022660,8,北海道富良野市東学田二区51-2,F,D,16,1994-05-06
細井好一,r144724,27,栃木県栃木市大平町土与989-19,F,B,16,1995-04-21
三木愛結,r348583,19,鹿児島県姶良市中津野478-7,M,A,16,1973-02-07
野上真結,r406322,33,北海道檜山郡厚沢部町赤沼町953-15,F,C,18,1970-08-04
武田信吉,r515831,20,愛知県一宮市殿町3-87-3,M,G,17,1963-04-27
草野龍一,r438463,6,長野県千曲市小船山106-11,M,E,19,1987-06-14
曽根英治,r462992,1,富山県富山市布目東町609-20,F,E,20,1975-05-19
中井留子,r653944,33,熊本県宇城市不知火町浦上844-14,F,F,20,1966-02-15
柳萌香,r986716,20,愛知県津島市西御堂町259-17,F,G,20,1987-02-27
古沢貞行,r081287,14,富山県滑川市高塚新町62-19,M,C,19,1967-07-31
河村照子,r429532,18,群馬県利根郡みなかみ町高日向611-16,F,G,20,1982-07-27
島優起,r036658,27,福岡県大牟田市左古町612-8,F,C,18,1990-01-09
鬼頭有正,r351353,12,徳島県海部郡海陽町小川327-18,F,E,20,1989-07-20
柳田亜紀,r985713,22,神奈川県川崎市多摩区東生田3-547-18,F,D,16,1996-02-09
金森顕子,r205145,2,富山県富山市西押川15-18,M,E,18,1993-01-10
浜田惟晴,r872514,9,奈良県奈良市下三条町978-4,M,F,19,1997-06-08
森山善雄,r543701,21,北海道函館市浜町444-8,M,B,17,1993-11-05
岸田秀,r916975,13,福島県喜多方市梨子ノ木152-14,M,F,17,1994-12-20
三島悠菜,r223069,17,新潟県十日町市稲荷町三丁目南2-67-12,F,D,19,1967-05-15
藤田章子,r664835,11,福島県伊達郡川俣町瓦町758-10,M,C,18,1985-06-08
松原香苗,r055918,4,福岡県北九州市小倉南区長尾4-275-14,M,D,16,1969-01-26
山内悠,r462659,36,長崎県平戸市高越町197-8,F,E,16,1989-05-31
岡田寛,r015235,8,京都府京都市上京区大峰図子町297-1,M,G,19,1971-07-10
峰隆一郎,r056293,7,富山県富山市平榎962-18,F,D,16,1999-04-29
竹原政弘,r951982,12,埼玉県熊谷市屈戸698-18,F,D,17,1961-10-23
黒川絵里,r075135,27,鳥取県米子市蚊屋394-6,M,G,19,1966-09-03
高見達男,r842776,13,富山県富山市折谷158-15,M,E,19,1980-10-20
谷内勝彦,r820662,33,岐阜県郡上市八幡町小野3-225-15,M,A,17,1968-07-25
松川香乃,r111253,31,群馬県高崎市榛名山町753-12,F,E,19,1963-08-08
横山悦太郎,r744784,28,静岡県富士宮市上柚野793-20,F,F,19,1998-05-22
筒井昌弘,r552189,6,岡山県岡山市北区絵図町230-13,M,E,18,1981-10-17
塩沢有香,r629522,8,岐阜県土岐市土岐津町高山413-10,F,F,20,1984-11-09
日野友和,r392659,30,宮城県栗原市一迫柳目120-17,M,A,19,1974-01-06
金沢遼,r692249,5,愛媛県八幡浜市新町354-14,M,G,19,1974-08-13
佐藤守弘,r583206,27,愛知県知多郡武豊町前畑364-18,M,G,17,1997-01-25
森岡通夫,r867895,6,京都府八幡市岩田北浅地9-17,M,D,18,1984-09-11
土井理子,r924106,33,大分県佐伯市弥生井崎690-4,F,G,19,1970-04-29
山内義孝,r177996,23,北海道河東郡士幌町若葉548-16,F,A,19,1980-04-17
山野心愛,r316126,27,千葉県旭市清和乙179-2,M,D,20,1986-03-06
保田四郎,r021551,10,千葉県南房総市和田町真浦730-13,F,F,16,1988-01-21
岡武久,r513312,25,埼玉県上尾市谷津539-19,M,A,19,1984-09-05
稲村綾子,r603286,3,福島県須賀川市和田134-7,M,C,17,2000-08-01
野上向日葵,r660785,23,京都府京都市東山区鷲尾町739-2,M,B,17,1987-09-22
小宮夏子,r214622,13,愛知県清須市春日酉514-10,M,B,19,1979-09-02
津田志帆,r722217,40,大阪府河内長野市大矢船南町533-1,M,E,17,1969-06-11
伴勝昭,r163765,11,佐賀県唐津市高砂町675-4,F,E,16,1980-08-24
高梨隼人,r970332,7,長野県諏訪郡下諏訪町西豊507-15,M,G,20,1961-09-17
中原千紗,r250897,13,福岡県北九州市門司区大里戸ノ上3-249-14,F,D,16,1980-01-10
勝又昇,r221518,9,福島県会津若松市神指町高瀬622-3,F,F,16,1963-09-02
高尾五郎,r514064,6,北海道江別市牧場町169-9,M,F,20,1983-12-23
中澤宙子,r233245,15,茨城県潮来市大生247-7,M,C,20,1994-05-11
倉橋新平,r601980,6,北海道磯谷郡蘭越町貝川700-15,F,C,18,1970-03-13
李寛子,r685137,18,福井県福井市松本3-195-19,F,G,18,1972-09-14
土谷奈央,r115102,6,兵庫県神戸市須磨区須磨浦通4-730-8,F,E,18,1982-09-10
安達弥太郎,r597022,30,熊本県球磨郡五木村丙870-15,F,G,20,1992-05-28
吉井時子,r289072,27,京都府京都市右京区嵯峨中之島町113-16,M,G,19,1961-04-02
倉橋璃子,r720765,13,宮城県加美郡加美町下野目537-19,M,G,20,1977-11-06
河村恵理,r604410,22,宮城県仙台市泉区南光台東3-873-20,F,F,20,1971-09-15
清野寧音,r932634,10,愛知県一宮市東五城977-9,M,G,20,1971-11-08
浜崎忠吉,r176513,30,兵庫県神戸市垂水区馬場通813-12,M,E,17,2000-09-18
北晴夫,r512200,4,滋賀県東近江市猪子町820-8,M,F,16,1975-03-09
大和田亜紀,r761506,23,福島県伊達市保原町古町651-9,F,C,19,1985-09-05
室井実可,r320065,37,岐阜県岐阜市茜部神清寺3-957-4,F,A,19,1973-08-21
池田治夫,r953748,29,鹿児島県大島郡知名町余多227-1,M,E,18,1962-01-18
金野倫子,r248361,11,千葉県佐倉市大作2-369-20,F,B,20,1995-06-12
坂口初樹,r748102,37,京都府綾部市西町4-322-11,M,A,17,1970-12-03
青柳芳雄,r270608,11,北海道二海郡八雲町鉛川584-13,F,B,18,1971-12-13
内田道雄,r218821,13,愛知県豊川市御津町西方入浜114-9,M,F,18,1993-06-24
菅沼綾珂,r263411,28,長野県松本市渚857-14,M,G,17,1976-10-18
柳田寛,r094051,26,兵庫県加東市森尾181-8,F,A,17,1972-09-12
紺野健治,r170192,33,福井県大飯郡高浜町青戸576-7,F,E,18,1961-08-19
保坂努,r883922,9,福井県敦賀市曽々木975-10,F,F,16,1979-03-02
村岡忠三,r219846,27,島根県雲南市木次町平田821-12,F,C,18,1970-06-24
北条愛子,r365166,17,長野県長野市居町839-20,M,E,19,1982-11-01
大内和佳子,r411809,15,千葉県我孫子市青山台3-11-6,M,E,18,1972-08-04
南部敏伸,r791695,3,兵庫県川辺郡猪名川町紫合564-16,M,F,20,1982-02-13
谷本百華,r911290,9,新潟県南魚沼市君沢243-19,M,D,16,1971-08-24
阪本海仁,r986386,9,大阪府東大阪市若草町232-9,F,D,20,1994-11-01
楠本雪菜,r096396,28,奈良県桜井市太田516-11,F,C,18,1965-09-06
小山重信,r908616,12,徳島県吉野川市山川町向坂839-10,F,E,18,1976-01-22
白鳥心杜子,r383264,15,山形県南陽市大橋384-2,F,C,20,1979-10-30
倉橋雅彦,r381801,22,富山県富山市大山松木88-20,M,E,20,1975-10-10
外山純一,r064756,9,秋田県南秋田郡八郎潟町家の後956-15,M,C,17,1996-12-29
鵜飼諒穂,r382231,35,山形県東置賜郡高畠町高安268-11,M,B,18,1966-02-18
江原孝,r425361,22,静岡県浜松市東区西塚町496-18,M,D,19,1976-12-25
稲村武久,r730261,6,鳥取県西伯郡南部町西町820-4,F,A,20,1966-11-16
山下俊治,r614188,8,山形県東村山郡山辺町大寺564-3,M,D,19,1990-09-23
篠崎欽也,r299271,24,青森県上北郡東北町滝沢平835-7,F,F,19,1967-04-10
春日和佳子,r968636,7,茨城県かすみがうら市安食907-13,F,G,17,1982-06-10
浦田俊文,r845678,24,三重県いなべ市北勢町垣内62-14,F,E,16,2000-10-19
富樫明,r839912,28,宮城県亘理郡山元町坂元247-14,M,B,16,1984-05-20
北村法子,r785950,27,山形県酒田市真学寺沢772-10,F,F,19,1981-06-06
川越俊明,r599716,1,京都府京都市中京区天性寺前町773-19,M,D,16,1972-06-24
菊地乃愛,r647605,18,大阪府守口市南寺方南通4-465-16,M,A,20,1993-06-19
立花稔,r663019,14,高知県安芸市舞川823-12,F,E,20,1985-03-21
川嶋晃一,r044499,31,愛知県岡崎市二軒屋町2-418-7,M,A,19,1991-05-10
正木彩芽,r771060,34,岐阜県高山市相生町587-1,F,G,19,1988-02-26
小寺周二,r554883,25,千葉県柏市弥生町630-6,M,C,18,1998-03-04
青山伸也,r849419,11,滋賀県甲賀市甲賀町油日868-11,F,G,17,1985-09-11
田端隆二,r615833,32,栃木県大田原市余瀬942-8,M,D,20,1969-11-25
